<beans xmlns="http://www.springframework.org/schema/beans"
	xmlns:xsi="http://www.w3.org/2001/XMLSchema-instance" xmlns:p="http://www.springframework.org/schema/p"
	xmlns:context="http://www.springframework.org/schema/context"
	xmlns:aop="http://www.springframework.org/schema/aop" xmlns:tx="http://www.springframework.org/schema/tx"
	xsi:schemaLocation="http://www.springframework.org/schema/beans
    	 http://www.springframework.org/schema/beans/spring-beans.xsd
     	 http://www.springframework.org/schema/context
         http://www.springframework.org/schema/context/spring-context.xsd
         http://www.springframework.org/schema/aop
         http://www.springframework.org/schema/aop/spring-aop.xsd
         http://www.springframework.org/schema/tx
     	 http://www.springframework.org/schema/tx/spring-tx.xsd">

	<context:component-scan base-package="com.tass"></context:component-scan>
	<aop:aspectj-autoproxy></aop:aspectj-autoproxy> 

	 <!-- 添加外部配置文件 -->
    <bean class="org.springframework.beans.factory.config.PropertyPlaceholderConfigurer"> 
    	<property name="locations"  value="classpath*:/application.properties" /> 
<!-- 		<property name="locations"  value="file:/home/tass_api_server/application.properties" />	 -->
<!-- 			<property name="locations"  value="file:./conf/application.properties" /> -->
    </bean> 
	
	<!-- 定义数据源 -->
<!-- 	 <bean id="dataSource" class="org.apache.commons.dbcp.BasicDataSource"> -->
              <!-- 指定连接数据库的驱动 -->
<!--               <property name="driverClassName" value="org.sqlite.JDBC" /> -->
              <!-- 指定连接数据库的URL -->
<!--               <property name="url" value="${url}" /> -->
<!--        </bean> -->

	<!-- 事务管理器配置,单数据源事务 -->
<!-- 	<bean id="transactionManager" -->
<!-- 		class="org.springframework.jdbc.datasource.DataSourceTransactionManager"> -->
<!-- 		<property name="dataSource" ref="dataSource" /> -->
<!-- 	</bean> -->
	<!-- 开启注解事务 -->
<!-- 	<tx:annotation-driven transaction-manager="dataSourceTransactionManager" proxy-target-class="true"/> -->
</beans>
